dataset,horizon,mse_norm,mae_norm,status,report_file
AQShunyi.csv,96,,,skipped_existing,result/AQShunyi/DUET_localbranch_all/test_report.1777571990.asimov2c.4024082.csv
AQShunyi.csv,192,,,skipped_existing,result/AQShunyi/DUET_localbranch_all/test_report.1777571990.asimov2c.4024082.csv
AQShunyi.csv,336,,,skipped_existing,result/AQShunyi/DUET_localbranch_all/test_report.1777571990.asimov2c.4024082.csv
AQShunyi.csv,720,,,skipped_existing,result/AQShunyi/DUET_localbranch_all/test_report.1777571990.asimov2c.4024082.csv
AQWan.csv,96,,,skipped_existing,result/AQWan/DUET_localbranch_all/test_report.1777572132.asimov2c.4027219.csv
AQWan.csv,192,,,skipped_existing,result/AQWan/DUET_localbranch_all/test_report.1777572132.asimov2c.4027219.csv
AQWan.csv,336,,,skipped_existing,result/AQWan/DUET_localbranch_all/test_report.1777572132.asimov2c.4027219.csv
AQWan.csv,720,,,skipped_existing,result/AQWan/DUET_localbranch_all/test_report.1777572132.asimov2c.4027219.csv
CzeLan.csv,96,,,skipped_existing,result/CzeLan/DUET_localbranch_all/test_report.1777572381.asimov2c.4027565.csv
CzeLan.csv,192,,,skipped_existing,result/CzeLan/DUET_localbranch_all/test_report.1777572381.asimov2c.4027565.csv
CzeLan.csv,336,,,skipped_existing,result/CzeLan/DUET_localbranch_all/test_report.1777572381.asimov2c.4027565.csv
CzeLan.csv,720,,,skipped_existing,result/CzeLan/DUET_localbranch_all/test_report.1777572381.asimov2c.4027565.csv
ETTh1.csv,96,,,skipped_existing,result/ETTh1/DUET_localbranch_all/test_report.1777572340.asimov2c.4029925.csv
ETTh1.csv,192,,,skipped_existing,result/ETTh1/DUET_localbranch_all/test_report.1777572340.asimov2c.4029925.csv
ETTh1.csv,336,,,skipped_existing,result/ETTh1/DUET_localbranch_all/test_report.1777572340.asimov2c.4029925.csv
ETTh1.csv,720,,,skipped_existing,result/ETTh1/DUET_localbranch_all/test_report.1777572340.asimov2c.4029925.csv
ETTh2.csv,96,,,skipped_existing,result/ETTh2/DUET_localbranch_all/test_report.1777572365.asimov2c.4031449.csv
ETTh2.csv,192,,,skipped_existing,result/ETTh2/DUET_localbranch_all/test_report.1777572365.asimov2c.4031449.csv
ETTh2.csv,336,,,skipped_existing,result/ETTh2/DUET_localbranch_all/test_report.1777572365.asimov2c.4031449.csv
ETTh2.csv,720,,,skipped_existing,result/ETTh2/DUET_localbranch_all/test_report.1777572365.asimov2c.4031449.csv
ETTm1.csv,96,,,skipped_existing,result/ETTm1/DUET_localbranch_all/test_report.1777573412.asimov2c.4033865.csv
ETTm1.csv,192,,,skipped_existing,result/ETTm1/DUET_localbranch_all/test_report.1777573412.asimov2c.4033865.csv
ETTm1.csv,336,,,skipped_existing,result/ETTm1/DUET_localbranch_all/test_report.1777573412.asimov2c.4033865.csv
ETTm1.csv,720,,,skipped_existing,result/ETTm1/DUET_localbranch_all/test_report.1777573412.asimov2c.4033865.csv
ETTm2.csv,96,,,skipped_existing,result/ETTm2/DUET_localbranch_all/test_report.1777573034.asimov2c.4035183.csv
ETTm2.csv,192,,,skipped_existing,result/ETTm2/DUET_localbranch_all/test_report.1777573034.asimov2c.4035183.csv
ETTm2.csv,336,,,skipped_existing,result/ETTm2/DUET_localbranch_all/test_report.1777573034.asimov2c.4035183.csv
ETTm2.csv,720,,,skipped_existing,result/ETTm2/DUET_localbranch_all/test_report.1777573034.asimov2c.4035183.csv
Electricity.csv,96,,,skipped_existing,result/Electricity/DUET_localbranch_all/test_report.1777636299.asimov2c.4178961.csv
Electricity.csv,192,,,skipped_existing,result/Electricity/DUET_localbranch_all/test_report.1777636299.asimov2c.4178961.csv
Electricity.csv,336,,,skipped_existing,result/Electricity/DUET_localbranch_all/test_report.1777636299.asimov2c.4178961.csv
Electricity.csv,720,,,skipped_existing,result/Electricity/DUET_localbranch_all/test_report.1777636299.asimov2c.4178961.csv
Exchange.csv,96,,,skipped_existing,result/Exchange/DUET_localbranch_all/test_report.1777573553.asimov2c.4041440.csv
Exchange.csv,192,,,skipped_existing,result/Exchange/DUET_localbranch_all/test_report.1777573553.asimov2c.4041440.csv
Exchange.csv,336,,,skipped_existing,result/Exchange/DUET_localbranch_all/test_report.1777573553.asimov2c.4041440.csv
Exchange.csv,720,,,skipped_existing,result/Exchange/DUET_localbranch_all/test_report.1777573553.asimov2c.4041440.csv
METR-LA.csv,96,,,skipped_existing,result/METR-LA/DUET_localbranch_all/test_report.1777626414.asimov2c.4178959.csv
METR-LA.csv,192,,,skipped_existing,result/METR-LA/DUET_localbranch_all/test_report.1777626414.asimov2c.4178959.csv
METR-LA.csv,336,,,skipped_existing,result/METR-LA/DUET_localbranch_all/test_report.1777626414.asimov2c.4178959.csv
METR-LA.csv,720,,,skipped_existing,result/METR-LA/DUET_localbranch_all/test_report.1777626414.asimov2c.4178959.csv
PEMS-BAY.csv,96,,,skipped_existing,result/PEMS-BAY/DUET_localbranch_all/test_report.1777616352.asimov2c.13569.csv
PEMS-BAY.csv,192,,,skipped_existing,result/PEMS-BAY/DUET_localbranch_all/test_report.1777616352.asimov2c.13569.csv
PEMS-BAY.csv,336,,,skipped_existing,result/PEMS-BAY/DUET_localbranch_all/test_report.1777616352.asimov2c.13569.csv
PEMS-BAY.csv,720,,,skipped_existing,result/PEMS-BAY/DUET_localbranch_all/test_report.1777616352.asimov2c.13569.csv
PEMS04.csv,96,,,skipped_existing,result/PEMS04/DUET_localbranch_all/test_report.1777616403.asimov2c.14898.csv
PEMS04.csv,192,,,skipped_existing,result/PEMS04/DUET_localbranch_all/test_report.1777616403.asimov2c.14898.csv
PEMS04.csv,336,,,skipped_existing,result/PEMS04/DUET_localbranch_all/test_report.1777616403.asimov2c.14898.csv
PEMS04.csv,720,,,skipped_existing,result/PEMS04/DUET_localbranch_all/test_report.1777616403.asimov2c.14898.csv
PEMS08.csv,96,,,skipped_existing,result/PEMS08/DUET_localbranch_all/test_report.1777646709.asimov2c.40558.csv
PEMS08.csv,192,,,skipped_existing,result/PEMS08/DUET_localbranch_all/test_report.1777646709.asimov2c.40558.csv
PEMS08.csv,336,,,skipped_existing,result/PEMS08/DUET_localbranch_all/test_report.1777646709.asimov2c.40558.csv
PEMS08.csv,720,,,skipped_existing,result/PEMS08/DUET_localbranch_all/test_report.1777646709.asimov2c.40558.csv
Solar.csv,96,,,skipped_existing,result/Solar/DUET_localbranch_all/test_report.1777646851.asimov2c.95724.csv
Solar.csv,192,,,skipped_existing,result/Solar/DUET_localbranch_all/test_report.1777646851.asimov2c.95724.csv
Solar.csv,336,,,skipped_existing,result/Solar/DUET_localbranch_all/test_report.1777646851.asimov2c.95724.csv
Solar.csv,720,,,skipped_existing,result/Solar/DUET_localbranch_all/test_report.1777646851.asimov2c.95724.csv
Traffic.csv,96,,,skipped_existing,result/Traffic/DUET_localbranch_all/test_report.1777641669.asimov2c.104292.csv
Traffic.csv,192,,,skipped_existing,result/Traffic/DUET_localbranch_all/test_report.1777641669.asimov2c.104292.csv
Traffic.csv,336,,,skipped_existing,result/Traffic/DUET_localbranch_all/test_report.1777641669.asimov2c.104292.csv
Traffic.csv,720,,,skipped_existing,result/Traffic/DUET_localbranch_all/test_report.1777641669.asimov2c.104292.csv
Weather.csv,96,,,skipped_existing,result/Weather/DUET_localbranch_all/test_report.1777642227.asimov2c.104569.csv
Weather.csv,192,,,skipped_existing,result/Weather/DUET_localbranch_all/test_report.1777642227.asimov2c.104569.csv
Weather.csv,336,,,skipped_existing,result/Weather/DUET_localbranch_all/test_report.1777642227.asimov2c.104569.csv
Weather.csv,720,,,skipped_existing,result/Weather/DUET_localbranch_all/test_report.1777642227.asimov2c.104569.csv
Wind.csv,96,,,skipped_existing,result/Wind/DUET_localbranch_all/test_report.1777583629.asimov2c.4084835.csv
Wind.csv,192,,,skipped_existing,result/Wind/DUET_localbranch_all/test_report.1777583629.asimov2c.4084835.csv
Wind.csv,336,,,skipped_existing,result/Wind/DUET_localbranch_all/test_report.1777583629.asimov2c.4084835.csv
Wind.csv,720,,,skipped_existing,result/Wind/DUET_localbranch_all/test_report.1777583629.asimov2c.4084835.csv
ZafNoo.csv,96,,,skipped_existing,result/ZafNoo/DUET_localbranch_all/test_report.1777583655.asimov2c.4084842.csv
ZafNoo.csv,192,,,skipped_existing,result/ZafNoo/DUET_localbranch_all/test_report.1777583655.asimov2c.4084842.csv
ZafNoo.csv,336,,,skipped_existing,result/ZafNoo/DUET_localbranch_all/test_report.1777583655.asimov2c.4084842.csv
ZafNoo.csv,720,,,skipped_existing,result/ZafNoo/DUET_localbranch_all/test_report.1777583655.asimov2c.4084842.csv
